{
  "u": [
    0.0,
    0.0,
    -4.761904761904762e-05,
    -0.0001346870059402948,
    -9.523809523809524e-05,
    -0.00036461210711868485,
    0.0,
    -0.0001346870059402948
  ],
  "elem_forces": [
    -1000.0,
    -1000.0,
    -1414.2135623730953,
    0.0,
    1414.213562373095
  ],
  "elem_stresses": [
    -10000000.0,
    -10000000.0,
    -14142135.623730952,
    0.0,
    14142135.62373095
  ],
  "max_stress": 14142135.623730952,
  "max_disp": 0.00036461210711868485
}978082e-05
}